species;biogeo;in_out;Clade
Sphenodon_punctatus;Asia/Oceania;Outgroup;No
Anguis_fragilis;0;Outgroup;No
Anniella_pulchra;0;Outgroup;No
Celestus_enneagrammus;0;Outgroup;No
Heloderma_suspectum;0;Outgroup;No
Lanthanotus_borneensis;Asia/Oceania;Outgroup;No
Shinisaurus_crocodilurus;Asia/Oceania;Outgroup;No
Varanus_acanthurus;Asia/Oceania;Ingroup;Varanus
Varanus_albigularis;Africa;Ingroup;Varanus
Varanus_bangonorum;Asia/Oceania;Ingroup;Varanus
Varanus_baritji;Asia/Oceania;Ingroup;Varanus
Varanus_beccarii;Asia/Oceania;Ingroup;Varanus
Varanus_bengalensis;Asia/Oceania;Ingroup;Varanus
Varanus_bitatawa;Asia/Oceania;Ingroup;Varanus
Varanus_boehmei;Asia/Oceania;Ingroup;Varanus
Varanus_brevicauda;Asia/Oceania;Ingroup;Varanus
Varanus_bushi;Asia/Oceania;Ingroup;Varanus
Varanus_caerulivirens;Asia/Oceania;Ingroup;Varanus
Varanus_caudolineatus;Asia/Oceania;Ingroup;Varanus
Varanus_cerambonensis;Asia/Oceania;Ingroup;Varanus
Varanus_cumingi;Asia/Oceania;Ingroup;Varanus
Varanus_doreanus;Asia/Oceania;Ingroup;Varanus
Varanus_douarrha;Asia/Oceania;Ingroup;Varanus
Varanus_dumerilii;Asia/Oceania;Ingroup;Varanus
Varanus_eremius;Asia/Oceania;Ingroup;Varanus
Varanus_exanthematicus;Africa;Ingroup;Varanus
Varanus_finschi;Asia/Oceania;Ingroup;Varanus
Varanus_flavescens;Asia/Oceania;Ingroup;Varanus
Varanus_giganteus;Asia/Oceania;Ingroup;Varanus
Varanus_gilleni;Asia/Oceania;Ingroup;Varanus
Varanus_glauerti;Asia/Oceania;Ingroup;Varanus
Varanus_glebopalma;Asia/Oceania;Ingroup;Varanus
Varanus_gouldii;Asia/Oceania;Ingroup;Varanus
Varanus_griseus;Africa/Arabia;Ingroup;Varanus
Varanus_indicus;Asia/Oceania;Ingroup;Varanus
Varanus_jobiensis;Asia/Oceania;Ingroup;Varanus
Varanus_keithhornei;Asia/Oceania;Ingroup;Varanus
Varanus_kingorum;Asia/Oceania;Ingroup;Varanus
Varanus_komodoensis;Asia/Oceania;Ingroup;Varanus
Varanus_kordensis;Asia/Oceania;Ingroup;Varanus
Varanus_macraei;Asia/Oceania;Ingroup;Varanus
Varanus_marmoratus;Asia/Oceania;Ingroup;Varanus
Varanus_melinus;Asia/Oceania;Ingroup;Varanus
Varanus_mertensi;Asia/Oceania;Ingroup;Varanus
Varanus_mitchelli;Asia/Oceania;Ingroup;Varanus
Varanus_nebulosus;Asia/Oceania;Ingroup;Varanus
Varanus_niloticus;Africa;Ingroup;Varanus
Varanus_nuchalis;Asia/Oceania;Ingroup;Varanus
Varanus_olivaceus;Asia/Oceania;Ingroup;Varanus
Varanus_palawanensis;Asia/Oceania;Ingroup;Varanus
Varanus_panoptes;Asia/Oceania;Ingroup;Varanus
Varanus_pilbarensis;Asia/Oceania;Ingroup;Varanus
Varanus_prasinus;Asia/Oceania;Ingroup;Varanus
Varanus_primordius;Asia/Oceania;Ingroup;Varanus
Varanus_rainerguentheri;Asia/Oceania;Ingroup;Varanus
Varanus_reisingeri;Asia/Oceania;Ingroup;Varanus
Varanus_rosenbergi;Asia/Oceania;Ingroup;Varanus
Varanus_rudicollis;Asia/Oceania;Ingroup;Varanus
Varanus_salvadorii;Asia/Oceania;Ingroup;Varanus
Varanus_salvator;Asia/Oceania;Ingroup;Varanus
Varanus_scalaris;Asia/Oceania;Ingroup;Varanus
Varanus_semiremex;Asia/Oceania;Ingroup;Varanus
Varanus_semotus;Asia/Oceania;Ingroup;Varanus
Varanus_sparnus;Asia/Oceania;Ingroup;Varanus
Varanus_spenceri;Asia/Oceania;Ingroup;Varanus
Varanus_storri;Asia/Oceania;Ingroup;Varanus
Varanus_timorensis;Asia/Oceania;Ingroup;Varanus
Varanus_togianus;Asia/Oceania;Ingroup;Varanus
Varanus_tristis;Asia/Oceania;Ingroup;Varanus
Varanus_varius;Asia/Oceania;Ingroup;Varanus
Varanus_yemenensis;Arabia;Ingroup;Varanus
Varanus_yuwonoi;Asia/Oceania;Ingroup;Varanus
Xenosaurus_grandis;America;Outgroup;No
Dibamus_novaeguineae;0;Outgroup;No
Aprasia_parapulchella;0;Outgroup;No
Asaccus_gallagheri;Arabia;Outgroup;No
Bunopus_blanfordii;0;Outgroup;No
Bunopus_crassicauda;0;Outgroup;No
Bunopus_tuberculatus;0;Outgroup;No
Carphodactylus_laevis;0;Outgroup;No
Eublepharis_macularius;0;Outgroup;No
arid_Hemidactylus_adensis;Arabia;Ingroup;arid_Hemidactylus
arid_Hemidactylus_afarensis;Africa;Ingroup;arid_Hemidactylus
arid_Hemidactylus_albopunctatus;Africa;Ingroup;arid_Hemidactylus
arid_Hemidactylus_alfarraji;Arabia;Ingroup;arid_Hemidactylus
arid_Hemidactylus_alkiyumii;Arabia;Ingroup;arid_Hemidactylus
Hemidactylus_angulatus;Africa;Outgroup;No
arid_Hemidactylus_asirensis;Arabia;Ingroup;arid_Hemidactylus
arid_Hemidactylus_awashensis;Africa;Ingroup;arid_Hemidactylus
arid_Hemidactylus_barbierii;Africa;Ingroup;arid_Hemidactylus
arid_Hemidactylus_barodanus;Africa;Ingroup;arid_Hemidactylus
Hemidactylus_brasilianus;America;Outgroup;No
arid_Hemidactylus_citernii;Africa;Ingroup;arid_Hemidactylus
arid_Hemidactylus_dawudazraqi;EasternMed;Ingroup;arid_Hemidactylus
arid_Hemidactylus_dracaenacolus;Arabia;Ingroup;arid_Hemidactylus
Hemidactylus_fasciatus;0;Outgroup;No
arid_Hemidactylus_festivus;Arabia;Ingroup;arid_Hemidactylus
Hemidactylus_flaviviridis;Asia;Outgroup;No
arid_Hemidactylus_forbesii;Arabia;Ingroup;arid_Hemidactylus
arid_Hemidactylus_foudaii;Africa;Ingroup;arid_Hemidactylus
Hemidactylus_frenatus;0;Outgroup;No
arid_Hemidactylus_funaiolii;Africa;Ingroup;arid_Hemidactylus
arid_Hemidactylus_granchii;Africa;Ingroup;arid_Hemidactylus
arid_Hemidactylus_granosus;Africa/Arabia;Ingroup;arid_Hemidactylus
arid_Hemidactylus_granti;Arabia;Ingroup;arid_Hemidactylus
arid_Hemidactylus_hajarensis;Arabia;Ingroup;arid_Hemidactylus
arid_Hemidactylus_homoeolepis;Arabia;Ingroup;arid_Hemidactylus
Hemidactylus_imbricatus;Asia/Oceania;Outgroup;No
arid_Hemidactylus_inexpectatus;Arabia;Ingroup;arid_Hemidactylus
arid_Hemidactylus_inintellectus;Arabia;Ingroup;arid_Hemidactylus
arid_Hemidactylus_isolepis;Africa;Ingroup;arid_Hemidactylus
arid_Hemidactylus_jumailiae;Arabia;Ingroup;arid_Hemidactylus
arid_Hemidactylus_romeshkanicus;Asia/Oceania;Ingroup;arid_Hemidactylus
arid_Hemidactylus_laevis;Africa;Ingroup;arid_Hemidactylus
arid_Hemidactylus_lanzai;Africa;Ingroup;arid_Hemidactylus
arid_Hemidactylus_lavadeserticus;EasternMed;Ingroup;arid_Hemidactylus
arid_Hemidactylus_lemurinus;Arabia;Ingroup;arid_Hemidactylus
Hemidactylus_longicephalus;Africa;Outgroup;No
arid_Hemidactylus_luqueorum;Arabia;Ingroup;arid_Hemidactylus
Hemidactylus_mabouia;Africa;Outgroup;No
arid_Hemidactylus_macropholis;Africa;Ingroup;arid_Hemidactylus
arid_Hemidactylus_mandebensis;Arabia;Ingroup;arid_Hemidactylus
arid_Hemidactylus_masirahensis;Arabia;Ingroup;arid_Hemidactylus
arid_Hemidactylus_mindiae;EasternMed;Ingroup;arid_Hemidactylus
arid_Hemidactylus_minutus;Arabia;Ingroup;arid_Hemidactylus
arid_Hemidactylus_montanus;Arabia;Ingroup;arid_Hemidactylus
arid_Hemidactylus_ophiolepis;Africa;Ingroup;arid_Hemidactylus
arid_Hemidactylus_ophiolepoides;Africa;Ingroup;arid_Hemidactylus
arid_Hemidactylus_oxyrhinus;Arabia;Ingroup;arid_Hemidactylus
Hemidactylus_palaichthus;0;Outgroup;No
arid_Hemidactylus_pauciporosus;Africa;Ingroup;arid_Hemidactylus
arid_Hemidactylus_paucituberculatus;Arabia;Ingroup;arid_Hemidactylus
arid_Hemidactylus_persicus;Asia;Ingroup;arid_Hemidactylus
Hemidactylus_platycephalus;Africa;Outgroup;No
Hemidactylus_platyurus;Asia/Oceania;Outgroup;No
arid_Hemidactylus_pumilio;Arabia;Ingroup;arid_Hemidactylus
arid_Hemidactylus_robustus;Africa/Arabia;Ingroup;arid_Hemidactylus
Hemidactylus_ruspolii;Africa;Outgroup;No
arid_Hemidactylus_saba;Arabia;Ingroup;arid_Hemidactylus
arid_Hemidactylus_shihraensis;Arabia;Ingroup;arid_Hemidactylus
arid_Hemidactylus_sinaitus;Africa;Ingroup;arid_Hemidactylus
Hemidactylus_smithi;Africa;Outgroup;No
arid_Hemidactylus_somalicus;Africa;Ingroup;arid_Hemidactylus
arid_Hemidactylus_squamulatus;Africa;Ingroup;arid_Hemidactylus
Hemidactylus_triedrus;0;Outgroup;No
arid_Hemidactylus_turcicus;Africa/EasternMed;Ingroup;arid_Hemidactylus
arid_Hemidactylus_ulii;Arabia;Ingroup;arid_Hemidactylus
arid_Hemidactylus_yerburii;Arabia;Ingroup;arid_Hemidactylus
Naultinus_gemmeus;Asia/Oceania;Outgroup;No
Oedodera_marmorata;Asia/Oceania;Outgroup;No
Phelsuma_inexpectata;Africa;Outgroup;No
Phelsuma_ornata;Africa;Outgroup;No
Pristurus_abdelkuri;Arabia;Ingroup;Pristurus
Pristurus_adrarensis;Africa;Ingroup;Pristurus
Pristurus_carteri;Arabia;Ingroup;Pristurus
Pristurus_celerrimus;Arabia;Ingroup;Pristurus
Pristurus_collaris;Arabia;Ingroup;Pristurus
Pristurus_crucifer;Africa/Arabia;Ingroup;Pristurus
Pristurus_flavipunctatus;Africa;Ingroup;Pristurus
Pristurus_gallagheri;Arabia;Ingroup;Pristurus
Pristurus_guichardi;Arabia;Ingroup;Pristurus
Pristurus_insignis;Arabia;Ingroup;Pristurus
Pristurus_insignoides;Arabia;Ingroup;Pristurus
Pristurus_masirahensis;Arabia;Ingroup;Pristurus
Pristurus_minimus;Arabia;Ingroup;Pristurus
Pristurus_obsti;Arabia;Ingroup;Pristurus
Pristurus_ornithocephalus;Arabia;Ingroup;Pristurus
Pristurus_phillipsii;Africa;Ingroup;Pristurus
Pristurus_popovi;Arabia;Ingroup;Pristurus
Pristurus_rupestris;Arabia;Ingroup;Pristurus
Pristurus_samhaensis;Arabia;Ingroup;Pristurus
Pristurus_sokotranus;Arabia;Ingroup;Pristurus
Pristurus_somalicus;Africa;Ingroup;Pristurus
Pristurus_sp1;Arabia;Ingroup;Pristurus
Pristurus_sp10;Arabia;Ingroup;Pristurus
Pristurus_sp11;Arabia;Ingroup;Pristurus
Pristurus_sp12;Arabia;Ingroup;Pristurus
Pristurus_sp2;Arabia;Ingroup;Pristurus
Pristurus_sp3;Arabia;Ingroup;Pristurus
Pristurus_sp4;Arabia;Ingroup;Pristurus
Pristurus_sp5;Arabia;Ingroup;Pristurus
Pristurus_sp6;Africa;Ingroup;Pristurus
Pristurus_sp7;Africa;Ingroup;Pristurus
Pristurus_sp8;Africa;Ingroup;Pristurus
Pristurus_sp9;Arabia;Ingroup;Pristurus
Pseudoceramodactylus_khobarensis;Arabia;Outgroup;No
Ptyodactylus_ananjevae;Arabia;Ingroup;Ptyodactylus
Ptyodactylus_dhofarensis;Arabia;Ingroup;Ptyodactylus
Ptyodactylus_guttatus;Africa;Ingroup;Ptyodactylus
Ptyodactylus_hasselquistii;Africa;Ingroup;Ptyodactylus
Ptyodactylus_orlovi;Arabia;Ingroup;Ptyodactylus
Ptyodactylus_oudrii;Africa;Ingroup;Ptyodactylus
Ptyodactylus_puiseuxi;EasternMed;Ingroup;Ptyodactylus
Ptyodactylus_ragazzii;Africa;Ingroup;Ptyodactylus
Ptyodactylus_ruusaljibalicus;Arabia;Ingroup;Ptyodactylus
Ptyodactylus_siphonorhina;Africa;Ingroup;Ptyodactylus
Ptyodactylus_sp1;Arabia;Ingroup;Ptyodactylus
Ptyodactylus_sp2;Arabia;Ingroup;Ptyodactylus
Ptyodactylus_sp3;Arabia;Ingroup;Ptyodactylus
Ptyodactylus_sp4;Arabia;Ingroup;Ptyodactylus
Ptyodactylus_sp5;Arabia;Ingroup;Ptyodactylus
Ptyodactylus_togoensis;Africa;Ingroup;Ptyodactylus
Rhacodactylus_leachianus;Asia/Oceania;Outgroup;No
Sphaerodactylus_elegans;America;Outgroup;No
Sphaerodactylus_macrolepis;America;Outgroup;No
Stenodactylus_affinis;Arabia/Asia;Ingroup;Stenodactylus
Stenodactylus_arabicus;Arabia;Ingroup;Stenodactylus
Stenodactylus_doriae;Arabia;Ingroup;Stenodactylus
Stenodactylus_grandiceps;Arabia/EasternMed;Ingroup;Stenodactylus
Stenodactylus_leptocosymbotes;Arabia;Ingroup;Stenodactylus
Stenodactylus_mauritanicus;Africa;Ingroup;Stenodactylus
Stenodactylus_petrii;Africa;Ingroup;Stenodactylus
Stenodactylus_pulcher;Arabia;Ingroup;Stenodactylus
Stenodactylus_sharqiyahensis;Arabia;Ingroup;Stenodactylus
Stenodactylus_slevini;Arabia;Ingroup;Stenodactylus
Stenodactylus_stenurus;Africa;Ingroup;Stenodactylus
Stenodactylus_sthenodactylus;Africa;Ingroup;Stenodactylus
Stenodactylus_yemenensis;Arabia;Ingroup;Stenodactylus
Teratoscincus_keyserlingii;Arabia;Outgroup;No
Teratoscincus_microlepis;Asia/Oceania;Outgroup;No
Teratoscincus_roborowskii;Asia/Oceania;Outgroup;No
Teratoscincus_scincus;Arabia;Outgroup;No
Trachydactylus_hajarensis;Arabia;Outgroup;No
Trachydactylus_spatalurus;Arabia;Outgroup;No
Tropiocolotes_algericus;Africa;Ingroup;Tropiocolotes
Tropiocolotes_bisharicus;Africa;Ingroup;Tropiocolotes
Tropiocolotes_confusus;Arabia;Ingroup;Tropiocolotes
Tropiocolotes_nattereri;Arabia/EasternMed;Ingroup;Tropiocolotes
Tropiocolotes_naybandensis;Asia/Oceania;Ingroup;Tropiocolotes
Tropiocolotes_nubicus;Africa;Ingroup;Tropiocolotes
Tropiocolotes_scorteccii;Arabia;Ingroup;Tropiocolotes
Tropiocolotes_somalicus;Africa;Ingroup;Tropiocolotes
Tropiocolotes_steudneri;Africa;Ingroup;Tropiocolotes
Tropiocolotes_tripolitanus;Africa;Ingroup;Tropiocolotes
Woodworthia_maculatus;Asia/Oceania;Outgroup;No
Acanthocercus_adramitanus;Arabia;Ingroup;Pseudotrapelus
Acanthocercus_annectans;Africa;Ingroup;Pseudotrapelus
Acanthocercus_atricollis;Africa;Ingroup;Pseudotrapelus
Acanthocercus_branchi;Africa;Ingroup;Pseudotrapelus
Acanthocercus_cyanocephalus;Africa;Ingroup;Pseudotrapelus
Acanthocercus_cyanogaster;Africa;Ingroup;Pseudotrapelus
Acanthocercus_kiwuensis;Africa;Ingroup;Pseudotrapelus
Acanthocercus_minutus;Africa;Ingroup;Pseudotrapelus
Acanthocercus_ugandaensis;Africa;Ingroup;Pseudotrapelus
Acanthocercus_yemensis;Arabia;Ingroup;Pseudotrapelus
Acanthosaura_lepidogaster;0;Outgroup;Pseudotrapelus
Anolis_carolinensis;0;Outgroup;No
Calotes_versicolor;0;Outgroup;No
Chalarodon_madagascariensis;0;Outgroup;No
Chamaeleo_africanus;Africa;Ingroup;Chamaeleo
Chamaeleo_anchietae;Africa;Ingroup;Chamaeleo
Chamaeleo_arabicus;Arabia;Ingroup;Chamaeleo
Chamaeleo_calcaricarens;Africa;Ingroup;Chamaeleo
Chamaeleo_calyptratus;Arabia;Ingroup;Chamaeleo
Chamaeleo_chamaeleon;Africa/Arabia;Ingroup;Chamaeleo
Chamaeleo_dilepis;Africa;Ingroup;Chamaeleo
Chamaeleo_gracilis;Africa;Ingroup;Chamaeleo
Chamaeleo_laevigatus;Africa;Ingroup;Chamaeleo
Chamaeleo_monachus;Arabia;Ingroup;Chamaeleo
Chamaeleo_namaquensis;Africa;Ingroup;Chamaeleo
Chamaeleo_necasi;Africa;Ingroup;Chamaeleo
Chamaeleo_senegalensis;Africa;Ingroup;Chamaeleo
Chamaeleo_zeylanicus;Asia;Ingroup;Chamaeleo
Corytophanes_cristatus;0;Outgroup;No
Ctenophorus_adelaidensis;0;Outgroup;No
Dipsosaurus_dorsalis;0;Outgroup;No
Enyalioides_laticeps;0;Outgroup;No
Gambelia_wislizenii;0;Outgroup;No
Hydrosaurus_amboinensis;Asia/Oceania;Outgroup;No
Intellagama_lesueurii;Asia/Oceania;Outgroup;No
Kinyongia_fischeri;Africa;Outgroup;No
Leiocephalus_barahonensis;America;Outgroup;No
Leiolepis_belliana;Asia/Oceania;Outgroup;No
Petrosaurus_mearnsi;America;Outgroup;No
Phrynosoma_cornutum;America;Outgroup;No
Phymaturus_palluma;America;Outgroup;No
Plica_plica;America;Outgroup;No
Pogona_vitticeps;Asia/Oceania;Outgroup;No
Polychrus_marmoratus;America;Outgroup;No
Pseudotrapelus_aqabensis;Arabia;Ingroup;Pseudotrapelus
Pseudotrapelus_sinaitus;Arabia/EasternMed;Ingroup;Pseudotrapelus
Pseudotrapelus_dhofarensis;Arabia;Ingroup;Pseudotrapelus
Pseudotrapelus_jensvindumi;Arabia;Ingroup;Pseudotrapelus
Pseudotrapelus_neumanni;Arabia;Ingroup;Pseudotrapelus
Pseudotrapelus_sp;Arabia;Ingroup;Pseudotrapelus
Pseudotrapelus_chlodnickii;Africa;Ingroup;Pseudotrapelus
Saara_asmussi;Asia/Oceania;Outgroup;No
Saara_hardwickii;Asia/Oceania;Outgroup;No
Saara_loricata;Asia/Oceania;Outgroup;No
Uromastyx_acanthinura;Africa;Ingroup;Uromastyx
Uromastyx_aegyptia;Africa/Arabia;Ingroup;Uromastyx
Uromastyx_alfredschmidti;Africa;Ingroup;Uromastyx
Uromastyx_benti;Arabia;Ingroup;Uromastyx
Uromastyx_dispar;Africa;Ingroup;Uromastyx
Uromastyx_geyri;Africa;Ingroup;Uromastyx
Uromastyx_macfadyeni;Africa;Ingroup;Uromastyx
Uromastyx_nigriventris;Africa;Ingroup;Uromastyx
Uromastyx_ocellata;Africa;Ingroup;Uromastyx
Uromastyx_ornata;Arabia;Ingroup;Uromastyx
Uromastyx_princeps;Africa;Ingroup;Uromastyx
Uromastyx_shobraki;Arabia;Ingroup;Uromastyx
Uromastyx_thomasi;Arabia;Ingroup;Uromastyx
Uromastyx_yemenensis;Arabia;Ingroup;Uromastyx
Urostrophus_vautieri;America;Outgroup;No
Uta_stansburiana;America;Outgroup;No
Xenagama_batillifera;Africa;Ingroup;Pseudotrapelus
Xenagama_taylori;Africa;Ingroup;Pseudotrapelus
Xenagama_wilmsi;Africa;Ingroup;Pseudotrapelus
Xenagama_zonura;Africa;Ingroup;Pseudotrapelus
Acanthodactylus_aegyptius;Africa;Ingroup;Acanthodactylus
Acanthodactylus_arabicus;Arabia;Ingroup;Acanthodactylus
Acanthodactylus_aureus;Africa;Ingroup;Acanthodactylus
Acanthodactylus_bedriagai;Africa;Ingroup;Acanthodactylus
Acanthodactylus_beershebensis;EasternMed;Ingroup;Acanthodactylus
Acanthodactylus_blanci;Africa;Ingroup;Acanthodactylus
Acanthodactylus_blanfordii;Arabia/Asia;Ingroup;Acanthodactylus
Acanthodactylus_boskianus;Africa/Arabia;Ingroup;Acanthodactylus
Acanthodactylus_boueti;Africa;Ingroup;Acanthodactylus
Acanthodactylus_busacki;Africa;Ingroup;Acanthodactylus
Acanthodactylus_cantoris;Asia;Ingroup;Acanthodactylus
Acanthodactylus_dumerilii;Africa;Ingroup;Acanthodactylus
Acanthodactylus_erythrurus;Africa/Europe;Ingroup;Acanthodactylus
Acanthodactylus_felicis;Arabia;Ingroup;Acanthodactylus
Acanthodactylus_gongrorhynchatus;Arabia;Ingroup;Acanthodactylus
Acanthodactylus_grandis;Arabia/EasternMed;Ingroup;Acanthodactylus
Acanthodactylus_guineensis;Africa;Ingroup;Acanthodactylus
Acanthodactylus_haasi;Arabia;Ingroup;Acanthodactylus
Acanthodactylus_hardyi;Arabia;Ingroup;Acanthodactylus
Acanthodactylus_harranensis;EasternMed;Ingroup;Acanthodactylus
Acanthodactylus_longipes;Africa;Ingroup;Acanthodactylus
Acanthodactylus_maculatus;Africa;Ingroup;Acanthodactylus
Acanthodactylus_margaritae;Africa;Ingroup;Acanthodactylus
Acanthodactylus_masirae;Arabia;Ingroup;Acanthodactylus
Acanthodactylus_micropholis;Asia;Ingroup;Acanthodactylus
Acanthodactylus_opheodurus;Arabia;Ingroup;Acanthodactylus
Acanthodactylus_orientalis;EasternMed;Ingroup;Acanthodactylus
Acanthodactylus_pardalis;Africa;Ingroup;Acanthodactylus
Acanthodactylus_savignyi;Africa;Ingroup;Acanthodactylus
Acanthodactylus_schmidti;Arabia;Ingroup;Acanthodactylus
Acanthodactylus_schreiberi;EasternMed;Ingroup;Acanthodactylus
Acanthodactylus_scutellatus;Africa;Ingroup;Acanthodactylus
Acanthodactylus_senegalensis;Africa;Ingroup;Acanthodactylus
Acanthodactylus_taghitensis;Africa;Ingroup;Acanthodactylus
Acanthodactylus_tilburyi;Arabia;Ingroup;Acanthodactylus
Acanthodactylus_tristrami;EasternMed;Ingroup;Acanthodactylus
Alopoglossus_angulatus;0;Outgroup;No
Aspidoscelis_tigris;0;Outgroup;No
Bipes_canaliculatus;0;Outgroup;No
Blanus_strauchi;0;Outgroup;No
Cadea_blanoides;0;Outgroup;No
Colobosaura_modesta;0;Outgroup;No
Gallotia_bravoana;Africa;Outgroup;No
Gallotia_caesaris_cae;0;Outgroup;No
Gallotia_caesaris_gom;0;Outgroup;No
Gallotia_galloti_eis;0;Outgroup;No
Gallotia_galloti_pal;0;Outgroup;No
Gallotia_intermedia;0;Outgroup;No
Gallotia_simonyi;0;Outgroup;No
Geocalamus_acutus;0;Outgroup;No
Mesalina_adramitana;Arabia;Ingroup;Mesalina
Mesalina_arnoldi;Arabia;Ingroup;Mesalina
Mesalina_austroarabica;Arabia;Ingroup;Mesalina
Mesalina_ayunensis;Arabia;Ingroup;Mesalina
Mesalina_bahaeldini;Arabia/EasternMed;Ingroup;Mesalina
Mesalina_balfouri;Arabia;Ingroup;Mesalina
Mesalina_bernoullii;Arabia/EasternMed;Ingroup;Mesalina
Mesalina_brevirostris;Arabia;Ingroup;Mesalina
Mesalina_guttulata;Africa;Ingroup;Mesalina
Mesalina_kuri;Arabia;Ingroup;Mesalina
Mesalina_martini;Africa;Ingroup;Mesalina
Mesalina_microlepis;EasternMed;Ingroup;Mesalina
Mesalina_olivieri;Africa;Ingroup;Mesalina
Mesalina_pasteuri;Africa;Ingroup;Mesalina
Mesalina_rubropunctata;Africa;Ingroup;Mesalina
Mesalina_saudiarabica;Arabia;Ingroup;Mesalina
Mesalina_simoni;Africa;Ingroup;Mesalina
Mesalina_watsonana;Asia/Oceania;Ingroup;Mesalina
Omanosaura_jayakari;Arabia;Outgroup;No
Ophisops_elegans;0;Outgroup;No
Podarcis_lilfordi;Europe;Outgroup;No
Podarcis_pityusensis;Europe;Outgroup;No
Psammodromus_algirus;Africa;Outgroup;No
Rhineura_floridana;America;Outgroup;No
Chalcides_bedriagai;Europe;Ingroup;Chalcides
Chalcides_boulengeri;Africa;Ingroup;Chalcides
Chalcides_chalcides;Africa;Ingroup;Chalcides
Chalcides_coeruleopunctatus;Africa;Ingroup;Chalcides
Chalcides_colosii;Africa;Ingroup;Chalcides
Chalcides_guentheri;Africa;Ingroup;Chalcides
Chalcides_lanzai;Africa;Ingroup;Chalcides
Chalcides_manueli;Africa;Ingroup;Chalcides
Chalcides_mauritanicus;Africa;Ingroup;Chalcides
Chalcides_mertensi;Africa;Ingroup;Chalcides
Chalcides_minutus;Africa;Ingroup;Chalcides
Chalcides_mionecton;Africa;Ingroup;Chalcides
Chalcides_montanus;Africa;Ingroup;Chalcides
Chalcides_ocellatus;Africa/Arabia;Ingroup;Chalcides
Chalcides_parallelus;Africa;Ingroup;Chalcides
Chalcides_polylepis;Africa;Ingroup;Chalcides
Chalcides_pseudostriatus;Africa;Ingroup;Chalcides
Chalcides_sepsoides;Africa;Ingroup;Chalcides
Chalcides_sexlineatus;Africa;Ingroup;Chalcides
Chalcides_simonyi;Africa;Ingroup;Chalcides
Chalcides_sphenopsiformis;Africa;Ingroup;Chalcides
Chalcides_striatus;Europe;Ingroup;Chalcides
Chalcides_viridanus;Africa;Ingroup;Chalcides
Eumeces_algeriensis;Africa;Ingroup;Scincus
Eumeces_schneideri;Africa/Arabia;Ingroup;Scincus
Namazonurus_namaquensis;Africa;Outgroup;No
Scincopus_fasciatus;Africa;Ingroup;Scincus
Scincus_albifasciatus;Africa;Ingroup;Scincus
Scincus_mitranus;Arabia;Ingroup;Scincus
Scincus_scincus;Africa;Ingroup;Scincus
Scincus_conirostris;Arabia;Ingroup;Scincus
Xantusia_vigilis;America;Outgroup;No
Zonosaurus_ornatus;Africa;Outgroup;No
Acrochordus_granulatus;0;Outgroup;No
Anilius_scytale;0;Outgroup;No
Atheris_squamigera;Africa;Outgroup;No
Atractaspis_andersonii;Arabia;Ingroup;Atractaspis
Atractaspis_aterrima;Africa;Ingroup;Atractaspis
Atractaspis_bibronii;Africa;Ingroup;Atractaspis
Atractaspis_boulengeri;Africa;Ingroup;Atractaspis
Atractaspis_congica;Africa;Ingroup;Atractaspis
Atractaspis_corpulenta;Africa;Ingroup;Atractaspis
Atractaspis_dahomeyensis;Africa;Ingroup;Atractaspis
Atractaspis_duerdeni;Africa;Ingroup;Atractaspis
Atractaspis_engaddensis;Arabia/EasternMed;Ingroup;Atractaspis
Atractaspis_irregularis;Africa;Ingroup;Atractaspis
Atractaspis_microlepidota;Africa;Ingroup;Atractaspis
Atractaspis_micropholis;Africa;Ingroup;Atractaspis
Atractaspis_reticulata;Africa;Ingroup;Atractaspis
Atractaspis_watsoni;Africa;Ingroup;Atractaspis
Bitis_arietans;Africa/Arabia;Ingroup;Bitis
Bitis_armata;Africa;Ingroup;Bitis
Bitis_atropos;Africa;Ingroup;Bitis
Bitis_caudalis;Africa;Ingroup;Bitis
Bitis_cornuta;Africa;Ingroup;Bitis
Bitis_gabonica;Africa;Ingroup;Bitis
Bitis_nasicornis;Africa;Ingroup;Bitis
Bitis_parviocula;Africa;Ingroup;Bitis
Bitis_peringueyi;Africa;Ingroup;Bitis
Bitis_rhinoceros;Africa;Ingroup;Bitis
Bitis_rubida;Africa;Ingroup;Bitis
Bitis_schneideri;Africa;Ingroup;Bitis
Bitis_worthingtoni;Africa;Ingroup;Bitis
Bitis_xeropaga;Africa;Ingroup;Bitis
Casarea_dussumieri;0;Outgroup;No
Cerastes_cerastes;Africa;Ingroup;Cerastes
Cerastes_gasperettii;Arabia;Ingroup;Cerastes
Cerastes_vipera;Africa;Ingroup;Cerastes
Crotaphopeltis_tornieri;Africa;Outgroup;No
Cylindrophis_ruffus;0;Outgroup;No
Daboia_russelii;0;Outgroup;No
Dipsadoboa_unicolor;Africa;Outgroup;No
Dipsina_multimaculata;Africa;Outgroup;No
Echis_borkini;Arabia;Ingroup;Echis
Echis_carinatus;Arabia/Asia;Ingroup;Echis
Echis_coloratus;Africa/Arabia;Ingroup;Echis
Echis_jogeri;Africa;Ingroup;Echis
Echis_khosatzkii;Arabia;Ingroup;Echis
Echis_leucogaster;Africa;Ingroup;Echis
Echis_ocellatus;Africa;Ingroup;Echis
Echis_omanensis;Arabia;Ingroup;Echis
Echis_pyramidum;Africa;Ingroup;Echis
Gerrhopilus_mirus;0;Outgroup;No
Hemachatus_haemachatus;Africa;Outgroup;No
Hemorrhois_algirus;Africa;Outgroup;No
Hemorrhois_hippocrepis;Africa;Outgroup;No
Hemorrhois_nummifer;Africa;Outgroup;No
Hemorrhois_ravergieri;EasternMed;Outgroup;No
Homalopsis_buccata;Asia/Oceania;Outgroup;No
Homoroselaps_lacteus;Africa;Outgroup;No
Liotyphlops_albirostris;America;Outgroup;No
Loxocemus_bicolor;America;Outgroup;No
Lytorhynchus_diadema;Africa/Arabia;Outgroup;No
Lytorhynchus_maynardi;Asia/Oceania;Outgroup;No
Macrovipera_lebetina;0;Outgroup;No
Malayopython_reticulatus;Asia/Oceania;Outgroup;No
Malpolon_insignitus;Africa;Ingroup;Malpolon
Malpolon_moilensis;Africa/Arabia;Ingroup;Malpolon
Malpolon_monspessulanus;Africa;Ingroup;Malpolon
Naja_anchietae;Africa;Ingroup;Naja
Naja_annulata;Africa;Ingroup;Naja
Naja_annulifera;Africa;Ingroup;Naja
Naja_arabica;Arabia;Ingroup;Naja
Naja_ashei;Africa;Ingroup;Naja
Naja_atra;Asia/Oceania;Ingroup;Naja
Naja_guineensis;Africa;Ingroup;Naja
Naja_haje;Africa;Ingroup;Naja
Naja_kaouthia;Asia/Oceania;Ingroup;Naja
Naja_katiensis;Africa;Ingroup;Naja
Naja_mandalayensis;Asia/Oceania;Ingroup;Naja
Naja_melanoleuca;Africa;Ingroup;Naja
Naja_mossambica;Africa;Ingroup;Naja
Naja_multifasciata;Africa;Ingroup;Naja
Naja_naja;Asia/Oceania;Ingroup;Naja
Naja_nigricincta;Africa;Ingroup;Naja
Naja_nigricollis;Africa;Ingroup;Naja
Naja_nivea;Africa;Ingroup;Naja
Naja_nubiae;Africa;Ingroup;Naja
Naja_pallida;Africa;Ingroup;Naja
Naja_peroescobari;Africa;Ingroup;Naja
Naja_savannula;Africa;Ingroup;Naja
Naja_senegalensis;Africa;Ingroup;Naja
Naja_siamensis;Asia/Oceania;Ingroup;Naja
Naja_sputatrix;Asia/Oceania;Ingroup;Naja
Naja_subfulva;Africa;Ingroup;Naja
Naja_sumatrana;Asia/Oceania;Ingroup;Naja
Pareas_carinatus;Asia/Oceania;Outgroup;No
Porthidium_arcosae;America;Outgroup;No
Porthidium_nasutum;America;Outgroup;No
Psammophis_aegyptius;Africa;Ingroup;Psammophis
Psammophis_angolensis;Africa;Ingroup;Psammophis
Psammophis_biseriatus;Africa;Ingroup;Psammophis
Psammophis_brevirostris;Africa;Ingroup;Psammophis
Psammophis_condanarus;Asia/Oceania;Ingroup;Psammophis
Psammophis_crucifer;Africa;Ingroup;Psammophis
Psammophis_elegans;Africa;Ingroup;Psammophis
Psammophis_jallae;Africa;Ingroup;Psammophis
Psammophis_leightoni;Africa;Ingroup;Psammophis
Psammophis_leopardinus;Africa;Ingroup;Psammophis
Psammophis_lineatus;Africa;Ingroup;Psammophis
Psammophis_lineolatus;Asia/Oceania;Ingroup;Psammophis
Psammophis_mossambicus;Africa;Ingroup;Psammophis
Psammophis_namibensis;Africa;Ingroup;Psammophis
Psammophis_notostictus;Africa;Ingroup;Psammophis
Psammophis_occidentalis;Africa;Ingroup;Psammophis
Psammophis_orientalis;Africa;Ingroup;Psammophis
Psammophis_phillipsii;Africa;Ingroup;Psammophis
Psammophis_praeornatus;Africa;Ingroup;Psammophis
Psammophis_punctulatus;Africa;Ingroup;Psammophis
Psammophis_rukwae;Africa;Ingroup;Psammophis
Psammophis_schokari;Africa/Arabia;Ingroup;Psammophis
Psammophis_sibilans;Africa;Ingroup;Psammophis
Psammophis_subtaeniatus;Africa;Ingroup;Psammophis
Psammophis_sudanensis;Africa;Ingroup;Psammophis
Psammophis_tanganicus;Africa;Ingroup;Psammophis
Psammophis_trigrammus;Africa;Ingroup;Psammophis
Rhamphiophis_rostratus;Africa;Outgroup;No
Rhinophis_drummondhayi;Asia/Oceania;Outgroup;No
Telescopus_beetzi;Africa;Ingroup;Telescopus
Telescopus_dhara;Arabia;Ingroup;Telescopus
Telescopus_fallax;EasternMed;Ingroup;Telescopus
Telescopus_hoogstraali;Africa;Ingroup;Telescopus
Telescopus_nigriceps;EasternMed;Ingroup;Telescopus
Telescopus_obtusus;Africa;Ingroup;Telescopus
Telescopus_pulcher;Africa;Ingroup;Telescopus
Telescopus_semiannulatus;Africa;Ingroup;Telescopus
Telescopus_tripolitanus;Africa;Ingroup;Telescopus
Telescopus_variegatus;Africa;Ingroup;Telescopus
Tropidophis_haetianus;America;Outgroup;No
Xenodermus_javanicus;Asia/Oceania;Outgroup;No
Xenopeltis_unicolor;Asia/Oceania;Outgroup;No
Xenotyphlops_grandidieri;Africa;Outgroup;No